Node,Data Size (Units),Transmission Time (Seconds),Status
Node1,186,0.5010550022125244,Completed
Node2,338,0.5004527568817139,Completed
Node3,918,0.501046895980835,Completed
Node4,764,0.5010359287261963,Completed
Node5,115,0.501054048538208,Completed
Node6,272,0.5010530948638916,Completed
Node7,593,0.5010490417480469,Completed
Node8,596,0.5010411739349365,Completed
Node9,470,0.5010342597961426,Completed
Node10,552,0.5010337829589844,Completed
