User,Data Size (Units),Transmission Time (Seconds),Status
User1,294,0.5006420612335205,Completed
User2,620,0.5010600090026855,Completed
User3,894,0.500464916229248,Completed
User4,696,0.5010628700256348,Completed
User5,928,0.5010669231414795,Completed
User6,828,0.5006039142608643,Completed
User7,103,0.5010628700256348,Completed
User8,471,0.5005228519439697,Completed
User9,204,0.5010437965393066,Completed
User10,302,0.5004916191101074,Completed
