Node,Data Size (Units),Transmission Time (Seconds),Status
Root,246,0.5010838508605957,Completed
Node1,689,0.5009956359863281,Completed
Node2,132,0.5010890960693359,Completed
Node3,560,0.5010538101196289,Completed
Node4,849,0.5010643005371094,Completed
Node5,389,0.5010650157928467,Completed
Node6,850,0.5010716915130615,Completed
Node7,545,0.5010659694671631,Completed
Node8,578,0.5010571479797363,Completed
Node9,573,0.5010621547698975,Completed
